<?xml version="1.0" encoding="UTF-8"?>
<project-private xmlns="http://www.netbeans.org/ns/project-private/1">
    <editor-bookmarks xmlns="http://www.netbeans.org/ns/editor-bookmarks/2" lastBookmarkId="0"/>
    <open-files xmlns="http://www.netbeans.org/ns/projectui-open-files/2">
        <group>
            <file>file:/C:/Users/user/Desktop/Proyecto%20Interfaz%20Final/interfaz/src/ventanas/RegistrosPeso.java</file>
            <file>file:/C:/Users/user/Desktop/Proyecto%20Interfaz%20Final/interfaz/src/ventanas/FichaNutricional.java</file>
            <file>file:/C:/Users/user/Desktop/Proyecto%20Interfaz%20Final/interfaz/src/ventanas/TratamientoNutricional.java</file>
            <file>file:/C:/Users/user/Desktop/Proyecto%20Interfaz%20Final/interfaz/src/ventanas/Ventas.java</file>
        </group>
    </open-files>
</project-private>
